[{"pos_x": 162.4946, "pos_y": -100.5098, "rotation": -90.0, "side": "top", "designator": "L1", "mpn": null, "pack": "L_0402_1005Metric", "value": "0", "mount_type": "smt"}, {"pos_x": 162.04, "pos_y": -101.96, "rotation": 0.0, "side": "top", "designator": "C5", "mpn": null, "pack": "C_0402_1005Metric", "value": "DNP", "mount_type": "smt"}, {"pos_x": 129.032, "pos_y": -107.061, "rotation": 180.0, "side": "top", "designator": "R7", "mpn": null, "pack": "R_0603_1608Metric", "value": "10K", "mount_type": "smt"}, {"pos_x": 139.1666, "pos_y": -106.9068, "rotation": 90.0, "side": "top", "designator": "SW1", "mpn": null, "pack": "SW_SPST_B3U-1000P", "value": "RESET", "mount_type": "smt"}, {"pos_x": 133.35, "pos_y": -97.803, "rotation": -90.0, "side": "top", "designator": "C11", "mpn": null, "pack": "C_0603_1608Metric", "value": "100n", "mount_type": "smt"}, {"pos_x": 119.38, "pos_y": -102.362, "rotation": -90.0, "side": "top", "designator": "J3", "mpn": null, "pack": "USB_C_Receptacle_XKB_U262-16XN-4BVC11", "value": "USB_C_Receptacle_USB2.0", "mount_type": "smt"}, {"pos_x": 134.099, "pos_y": -100.076, "rotation": 180.0, "side": "top", "designator": "C6", "mpn": null, "pack": "C_0603_1608Metric", "value": "10u", "mount_type": "smt"}, {"pos_x": 126.0094, "pos_y": -101.7778, "rotation": 0.0, "side": "top", "designator": "R3", "mpn": null, "pack": "R_0603_1608Metric", "value": "5.1K", "mount_type": "smt"}, {"pos_x": 132.2832, "pos_y": -102.9716, "rotation": 90.0, "side": "top", "designator": "Q1", "mpn": null, "pack": "SOT-23", "value": "DMG3415UQ-7", "mount_type": "smt"}, {"pos_x": 118.745, "pos_y": -108.3945, "rotation": 180.0, "side": "top", "designator": "D2", "mpn": null, "pack": "LED_0603_1608Metric", "value": "ORANGE", "mount_type": "smt"}, {"pos_x": 127.8709, "pos_y": -95.8699, "rotation": 180.0, "side": "top", "designator": "J6", "mpn": null, "pack": "JST_PH_S2B-PH-SM4-TB_1x02-1MP_P2.00mm_Horizontal", "value": "JST-2PH", "mount_type": "smt"}, {"pos_x": 129.0444, "pos_y": -101.7778, "rotation": 180.0, "side": "top", "designator": "C7", "mpn": null, "pack": "C_0603_1608Metric", "value": "100n", "mount_type": "smt"}, {"pos_x": 152.368, "pos_y": -102.342, "rotation": -90.0, "side": "top", "designator": "U1", "mpn": null, "pack": "RAK3172", "value": "RAK3172", "mount_type": "smt"}, {"pos_x": 137.6274, "pos_y": -98.7751, "rotation": -90.0, "side": "top", "designator": "U3", "mpn": null, "pack": "SOT-23-5", "value": "MCP73831T-2ACI/OT", "mount_type": "smt"}, {"pos_x": 134.6606, "pos_y": -106.045, "rotation": 180.0, "side": "top", "designator": "C9", "mpn": null, "pack": "C_0805_2012Metric", "value": "10u", "mount_type": "smt"}, {"pos_x": 142.367, "pos_y": -105.2322, "rotation": 180.0, "side": "top", "designator": "C4", "mpn": null, "pack": "C_0603_1608Metric", "value": "100n", "mount_type": "smt"}, {"pos_x": 142.0622, "pos_y": -98.9838, "rotation": 90.0, "side": "top", "designator": "SW2", "mpn": null, "pack": "SW_SPST_B3U-1000P", "value": "BOOT", "mount_type": "smt"}, {"pos_x": 143.129, "pos_y": -107.5058, "rotation": -90.0, "side": "top", "designator": "C1", "mpn": null, "pack": "C_0603_1608Metric", "value": "100n", "mount_type": "smt"}, {"pos_x": 167.388, "pos_y": -102.362, "rotation": 180.0, "side": "top", "designator": "J4", "mpn": null, "pack": "SMA-KE-P903", "value": "SMA-KE-P903", "mount_type": "tht"}, {"pos_x": 162.04, "pos_y": -99.0644, "rotation": 0.0, "side": "top", "designator": "C2", "mpn": null, "pack": "C_0402_1005Metric", "value": "DNP", "mount_type": "smt"}, {"pos_x": 122.6566, "pos_y": -92.8756, "rotation": -90.0, "side": "top", "designator": "R2", "mpn": null, "pack": "R_0603_1608Metric", "value": "1K", "mount_type": "smt"}, {"pos_x": 137.6274, "pos_y": -95.6818, "rotation": 180.0, "side": "top", "designator": "C8", "mpn": null, "pack": "C_0805_2012Metric", "value": "10u", "mount_type": "smt"}, {"pos_x": 134.1506, "pos_y": -95.504, "rotation": 0.0, "side": "top", "designator": "R9", "mpn": null, "pack": "R_0603_1608Metric", "value": "4.7M", "mount_type": "smt"}, {"pos_x": 135.7376, "pos_y": -102.9462, "rotation": 90.0, "side": "top", "designator": "U4", "mpn": null, "pack": "SOT-23-5", "value": "XC6220B331MR-G", "mount_type": "smt"}, {"pos_x": 165.207849, "pos_y": -93.460349, "rotation": 0.0, "side": "top", "designator": "H2", "mpn": null, "pack": "MountingHole_2.5mm", "value": "MountingHole", "mount_type": null}, {"pos_x": 140.9954, "pos_y": -102.1842, "rotation": 0.0, "side": "top", "designator": "R5", "mpn": null, "pack": "R_0603_1608Metric", "value": "5.1K", "mount_type": "smt"}, {"pos_x": 165.207849, "pos_y": -111.240349, "rotation": 0.0, "side": "top", "designator": "H4", "mpn": null, "pack": "MountingHole_2.5mm", "value": "MountingHole", "mount_type": null}, {"pos_x": 131.7498, "pos_y": -107.315, "rotation": -90.0, "side": "top", "designator": "D3", "mpn": null, "pack": "D_SOD-123", "value": "B5819W", "mount_type": "smt"}, {"pos_x": 125.9972, "pos_y": -108.585, "rotation": 180.0, "side": "top", "designator": "R6", "mpn": null, "pack": "R_0603_1608Metric", "value": "1K", "mount_type": "smt"}, {"pos_x": 141.605, "pos_y": -107.5058, "rotation": -90.0, "side": "top", "designator": "C3", "mpn": null, "pack": "C_0603_1608Metric", "value": "10u", "mount_type": "smt"}, {"pos_x": 138.4808, "pos_y": -102.6922, "rotation": -90.0, "side": "top", "designator": "C10", "mpn": null, "pack": "C_0805_2012Metric", "value": "10u", "mount_type": "smt"}, {"pos_x": 119.587849, "pos_y": -111.240349, "rotation": 0.0, "side": "top", "designator": "H3", "mpn": null, "pack": "MountingHole_2.5mm", "value": "MountingHole", "mount_type": null}, {"pos_x": 127.368, "pos_y": -104.4194, "rotation": 0.0, "side": "top", "designator": "U2", "mpn": null, "pack": "MSOP-10_3x3mm_P0.5mm", "value": "CH340E", "mount_type": "smt"}, {"pos_x": 140.9954, "pos_y": -103.7082, "rotation": 0.0, "side": "top", "designator": "R1", "mpn": null, "pack": "R_0603_1608Metric", "value": "1K", "mount_type": "smt"}, {"pos_x": 119.487849, "pos_y": -93.460349, "rotation": 0.0, "side": "top", "designator": "H1", "mpn": null, "pack": "MountingHole_2.5mm", "value": "MountingHole", "mount_type": null}, {"pos_x": 134.6962, "pos_y": -107.823, "rotation": 180.0, "side": "top", "designator": "R8", "mpn": null, "pack": "R_0603_1608Metric", "value": "10K", "mount_type": "smt"}, {"pos_x": 126.0094, "pos_y": -107.061, "rotation": 0.0, "side": "top", "designator": "R4", "mpn": null, "pack": "R_0603_1608Metric", "value": "5.1K", "mount_type": "smt"}, {"pos_x": 118.7865, "pos_y": -96.3695, "rotation": 0.0, "side": "top", "designator": "D1", "mpn": null, "pack": "LED_0603_1608Metric", "value": "BLUE", "mount_type": "smt"}, {"pos_x": 134.9248, "pos_y": -97.8022, "rotation": -90.0, "side": "top", "designator": "R10", "mpn": null, "pack": "R_0603_1608Metric", "value": "10M", "mount_type": "smt"}, {"pos_x": 133.458949, "pos_y": -92.183949, "rotation": -90.0, "side": "bottom", "designator": "J2", "mpn": null, "pack": "PinHeader_1x12_P2.54mm_Vertical", "value": "DNP", "mount_type": "tht"}, {"pos_x": 128.8542, "pos_y": -106.68, "rotation": 0.0, "side": "bottom", "designator": "JP3", "mpn": null, "pack": "SolderJumper-2_P1.3mm_Bridged_RoundedPad1.0x1.5mm", "value": "ENCH340", "mount_type": null}, {"pos_x": 147.701, "pos_y": -100.007975, "rotation": 180.0, "side": "bottom", "designator": "G***", "mpn": null, "pack": "TeapotLogo", "value": "LOGO", "mount_type": null}, {"pos_x": 141.986, "pos_y": -99.06, "rotation": 90.0, "side": "bottom", "designator": "TP1", "mpn": null, "pack": "TestPoint_Pad_D1.0mm", "value": "BOOT", "mount_type": null}, {"pos_x": 123.19, "pos_y": -101.346, "rotation": 180.0, "side": "bottom", "designator": "TP3", "mpn": null, "pack": "TestPoint_Pad_D1.0mm", "value": "D-", "mount_type": null}, {"pos_x": 137.272, "pos_y": -99.314, "rotation": 0.0, "side": "bottom", "designator": "JP1", "mpn": null, "pack": "SolderJumper-2_P1.3mm_Open_RoundedPad1.0x1.5mm", "value": "ENBATTMON", "mount_type": null}, {"pos_x": 127.762, "pos_y": -96.012, "rotation": 0.0, "side": "bottom", "designator": "JP2", "mpn": null, "pack": "SolderJumper-2_P1.3mm_Open_RoundedPad1.0x1.5mm", "value": "ENLED", "mount_type": null}, {"pos_x": 132.1308, "pos_y": -98.9942, "rotation": -90.0, "side": "bottom", "designator": "JP4", "mpn": null, "pack": "SolderJumper-2_P1.3mm_Open_RoundedPad1.0x1.5mm", "value": "ENBATTMON", "mount_type": null}, {"pos_x": 161.29, "pos_y": -112.503949, "rotation": 90.0, "side": "bottom", "designator": "J1", "mpn": null, "pack": "PinHeader_1x16_P2.54mm_Vertical", "value": "DNP", "mount_type": "tht"}, {"pos_x": 119.634, "pos_y": -102.362, "rotation": 90.0, "side": "bottom", "designator": "G***", "mpn": null, "pack": "TextLogo_Teapot", "value": "LOGO", "mount_type": null}, {"pos_x": 121.412, "pos_y": -102.87, "rotation": 180.0, "side": "bottom", "designator": "TP2", "mpn": null, "pack": "TestPoint_Pad_D1.0mm", "value": "D+", "mount_type": null}, {"pos_x": 155.067, "pos_y": -99.7712, "rotation": 90.0, "side": "bottom", "designator": "J5", "mpn": null, "pack": "Tag-Connect_TC2030-IDC-NL_2x03_P1.27mm_Vertical", "value": "SWD", "mount_type": null}, {"pos_x": 143.93, "pos_y": -104.33, "rotation": 0.0, "side": "bottom", "designator": "JP6", "mpn": null, "pack": "SolderJumper-2_P1.3mm_Bridged_RoundedPad1.0x1.5mm", "value": "ENRXD", "mount_type": null}, {"pos_x": 142.18, "pos_y": -106.88, "rotation": 0.0, "side": "bottom", "designator": "JP5", "mpn": null, "pack": "SolderJumper-2_P1.3mm_Bridged_RoundedPad1.0x1.5mm", "value": "ENTXD", "mount_type": null}]